"fER","critical_threshold"
0.901875678189428,0.962101095079194
